driver,lap,lap_time_s,compound,position
HAM,1,77.453,SOFT,2
HAM,2,73.458,SOFT,2
HAM,3,73.363,SOFT,2
HAM,4,73.644,SOFT,2
HAM,5,73.587,SOFT,2
HAM,6,73.447,SOFT,2
HAM,7,73.643,SOFT,2
HAM,8,73.525,SOFT,2
HAM,9,73.633,SOFT,2
HAM,10,73.677,SOFT,2
HAM,11,73.468,SOFT,2
HAM,12,73.594,SOFT,2
HAM,13,73.490,SOFT,2
HAM,14,73.479,SOFT,2
HAM,15,73.658,SOFT,2
HAM,16,73.719,SOFT,2
HAM,17,73.810,SOFT,2
HAM,18,73.704,SOFT,2
HAM,19,73.735,SOFT,2
HAM,20,77.566,SOFT,2
HAM,21,88.757,SOFT,6
HAM,22,73.683,SOFT,4
HAM,23,74.039,SOFT,5
HAM,24,73.164,SOFT,4
HAM,25,73.153,SOFT,4
HAM,26,73.116,SOFT,2
HAM,27,73.027,SOFT,2
HAM,28,73.043,SOFT,2
HAM,29,73.124,SOFT,2
HAM,30,73.105,SOFT,2
HAM,31,72.791,SOFT,2
HAM,32,73.029,SOFT,2
HAM,33,72.622,SOFT,2
HAM,34,72.925,SOFT,2
HAM,35,72.819,SOFT,2
HAM,36,72.591,SOFT,2
HAM,37,72.455,SOFT,2
HAM,38,72.611,SOFT,2
HAM,39,72.466,SOFT,2
HAM,40,73.402,SOFT,2
HAM,41,72.798,SOFT,2
HAM,42,72.671,SOFT,2
HAM,43,76.098,SOFT,2
HAM,44,88.981,MEDIUM,3
HAM,45,71.154,MEDIUM,3
HAM,46,71.082,MEDIUM,3
HAM,47,71.357,MEDIUM,3
HAM,48,71.941,MEDIUM,3
HAM,49,71.565,MEDIUM,2
HAM,50,71.846,MEDIUM,2
HAM,51,71.728,MEDIUM,2
HAM,52,71.436,MEDIUM,2
HAM,53,72.326,MEDIUM,2
HAM,54,86.514,MEDIUM,1
HAM,55,109.451,MEDIUM,1
HAM,56,117.303,MEDIUM,1
HAM,57,120.582,MEDIUM,1
HAM,58,107.994,MEDIUM,1
HAM,59,119.585,MEDIUM,1
HAM,60,73.255,MEDIUM,2
HAM,61,71.526,MEDIUM,2
HAM,62,71.731,MEDIUM,2
HAM,63,71.672,MEDIUM,2
HAM,64,71.413,MEDIUM,2
HAM,65,71.446,MEDIUM,2
HAM,66,86.082,MEDIUM,3
HAM,67,111.583,SOFT,4
HAM,68,115.649,SOFT,4
HAM,69,136.760,SOFT,4
HAM,70,75.616,SOFT,3
HAM,71,72.097,SOFT,3
VER,1,76.111,SOFT,1
VER,2,73.099,SOFT,1
VER,3,73.007,SOFT,1
VER,4,73.336,SOFT,1
VER,5,73.462,SOFT,1
VER,6,73.493,SOFT,1
VER,7,73.605,SOFT,1
VER,8,73.518,SOFT,1
VER,9,73.683,SOFT,1
VER,10,73.719,SOFT,1
VER,11,73.484,SOFT,1
VER,12,73.611,SOFT,1
VER,13,73.664,SOFT,1
VER,14,73.646,SOFT,1
VER,15,73.556,SOFT,1
VER,16,73.494,SOFT,1
VER,17,73.689,SOFT,1
VER,18,73.901,SOFT,1
VER,19,73.968,SOFT,1
VER,20,74.015,SOFT,1
VER,21,78.141,SOFT,1
VER,22,90.128,SOFT,5
VER,23,72.448,SOFT,3
VER,24,72.667,SOFT,3
VER,25,72.637,SOFT,3
VER,26,73.460,SOFT,1
VER,27,72.927,SOFT,1
VER,28,73.107,SOFT,1
VER,29,73.177,SOFT,1
VER,30,72.748,SOFT,1
VER,31,72.580,SOFT,1
VER,32,72.579,SOFT,1
VER,33,72.471,SOFT,1
VER,34,72.787,SOFT,1
VER,35,72.747,SOFT,1
VER,36,72.876,SOFT,1
VER,37,72.512,SOFT,1
VER,38,72.571,SOFT,1
VER,39,72.655,SOFT,1
VER,40,72.979,SOFT,1
VER,41,73.072,SOFT,1
VER,42,72.699,SOFT,1
VER,43,72.858,SOFT,1
VER,44,76.121,SOFT,1
VER,45,88.667,MEDIUM,2
VER,46,71.270,MEDIUM,2
VER,47,70.962,MEDIUM,2
VER,48,71.812,MEDIUM,2
VER,49,71.874,MEDIUM,1
VER,50,71.897,MEDIUM,1
VER,51,72.046,MEDIUM,1
VER,52,71.436,MEDIUM,1
VER,53,72.324,MEDIUM,1
VER,54,89.403,MEDIUM,2
VER,55,112.268,SOFT,2
VER,56,116.137,SOFT,2
VER,57,118.349,SOFT,2
VER,58,107.960,SOFT,2
VER,59,118.690,SOFT,2
VER,60,71.498,SOFT,1
VER,61,70.862,SOFT,1
VER,62,71.287,SOFT,1
VER,63,71.156,SOFT,1
VER,64,71.063,SOFT,1
VER,65,71.286,SOFT,1
VER,66,85.815,SOFT,1
VER,67,112.225,SOFT,1
VER,68,115.801,SOFT,1
VER,69,139.143,SOFT,1
VER,70,71.528,SOFT,1
VER,71,70.911,SOFT,1
SAI,1,85.639,SOFT,18
SAI,2,76.183,SOFT,17
SAI,3,75.667,SOFT,16
SAI,4,74.922,SOFT,15
SAI,5,74.859,SOFT,14
SAI,6,75.622,SOFT,14
SAI,7,75.898,SOFT,15
SAI,8,76.239,SOFT,13
SAI,9,74.494,SOFT,13
SAI,10,74.963,SOFT,13
SAI,11,75.128,SOFT,13
SAI,12,75.063,SOFT,13
SAI,13,75.036,SOFT,13
SAI,14,75.100,SOFT,13
SAI,15,75.077,SOFT,13
SAI,16,75.276,SOFT,13
SAI,17,75.288,SOFT,13
SAI,18,75.423,SOFT,13
SAI,19,74.933,SOFT,13
SAI,20,75.231,SOFT,13
SAI,21,75.174,SOFT,11
SAI,22,74.939,SOFT,10
SAI,23,75.096,SOFT,9
SAI,24,75.200,SOFT,9
SAI,25,75.079,SOFT,9
SAI,26,75.299,SOFT,8
SAI,27,75.217,SOFT,7
SAI,28,75.131,SOFT,7
SAI,29,78.997,SOFT,8
SAI,30,91.513,MEDIUM,15
SAI,31,73.488,MEDIUM,15
SAI,32,73.911,MEDIUM,15
SAI,33,74.002,MEDIUM,15
SAI,34,73.938,MEDIUM,15
SAI,35,73.882,MEDIUM,15
SAI,36,73.804,MEDIUM,15
SAI,37,74.009,MEDIUM,15
SAI,38,74.147,MEDIUM,15
SAI,39,75.056,MEDIUM,15
SAI,40,73.772,MEDIUM,15
SAI,41,75.375,MEDIUM,14
SAI,42,73.735,MEDIUM,14
SAI,43,73.795,MEDIUM,14
SAI,44,73.986,MEDIUM,14
SAI,45,73.987,MEDIUM,14
SAI,46,74.161,MEDIUM,12
SAI,47,73.747,MEDIUM,11
SAI,48,76.410,MEDIUM,10
SAI,49,74.242,MEDIUM,10
SAI,50,74.134,MEDIUM,10
SAI,51,73.302,MEDIUM,9
SAI,52,73.913,MEDIUM,8
SAI,53,92.070,MEDIUM,8
SAI,54,101.665,MEDIUM,8
SAI,55,115.375,MEDIUM,8
SAI,56,87.773,MEDIUM,8
SAI,57,78.032,MEDIUM,8
SAI,58,79.357,MEDIUM,8
SAI,59,100.493,MEDIUM,8
SAI,60,76.288,MEDIUM,7
SAI,61,73.960,MEDIUM,7
SAI,62,73.639,MEDIUM,7
SAI,63,73.158,MEDIUM,7
SAI,64,73.340,MEDIUM,7
SAI,65,73.166,MEDIUM,7
SAI,66,86.049,MEDIUM,5
SAI,67,100.132,MEDIUM,5
SAI,68,114.407,MEDIUM,5
SAI,69,136.639,MEDIUM,5
SAI,70,76.103,MEDIUM,4
SAI,71,73.446,MEDIUM,4
VET,1,77.964,SOFT,3
VET,2,74.104,SOFT,3
VET,3,73.454,SOFT,3
VET,4,73.785,SOFT,3
VET,5,73.676,SOFT,3
VET,6,73.579,SOFT,3
VET,7,73.810,SOFT,3
VET,8,73.563,SOFT,3
VET,9,73.694,SOFT,3
VET,10,74.081,SOFT,3
VET,11,73.745,SOFT,3
VET,12,73.731,SOFT,3
VET,13,73.862,SOFT,3
VET,14,73.913,SOFT,3
VET,15,74.058,SOFT,3
VET,16,73.913,SOFT,3
VET,17,74.049,SOFT,3
VET,18,74.129,SOFT,3
VET,19,74.083,SOFT,3
VET,20,74.245,SOFT,3
VET,21,73.963,SOFT,2
VET,22,74.224,SOFT,1
VET,23,74.554,SOFT,1
VET,24,74.692,SOFT,1
VET,25,78.591,SOFT,1
VET,26,90.348,MEDIUM,5
VET,27,73.197,MEDIUM,4
VET,28,72.259,MEDIUM,4
VET,29,72.435,MEDIUM,3
VET,30,72.560,MEDIUM,3
VET,31,72.631,MEDIUM,3
VET,32,72.347,MEDIUM,3
VET,33,72.509,MEDIUM,3
VET,34,72.673,MEDIUM,3
VET,35,72.930,MEDIUM,3
VET,36,72.937,MEDIUM,3
VET,37,72.557,MEDIUM,3
VET,38,72.494,MEDIUM,3
VET,39,72.866,MEDIUM,3
VET,40,73.364,MEDIUM,3
VET,41,72.709,MEDIUM,3
VET,42,72.422,MEDIUM,3
VET,43,72.428,MEDIUM,3
VET,44,72.727,MEDIUM,2
VET,45,72.998,MEDIUM,1
VET,46,72.701,MEDIUM,1
VET,47,73.001,MEDIUM,1
VET,48,73.172,MEDIUM,1
VET,49,77.471,MEDIUM,3
VET,50,89.867,SOFT,3
VET,51,71.384,SOFT,3
VET,52,71.970,SOFT,3
VET,53,72.325,SOFT,3
VET,54,96.102,SOFT,3
VET,55,101.212,SOFT,3
VET,56,108.723,SOFT,3
VET,57,111.431,SOFT,3
VET,58,107.898,SOFT,3
VET,59,116.219,SOFT,3
VET,60,73.982,SOFT,4
VET,61,71.990,SOFT,4
VET,62,71.633,SOFT,4
VET,63,71.419,SOFT,4
VET,64,72.106,SOFT,4
VET,65,71.888,SOFT,4
